[{"@type":"mappingTemplate","id":"@1","name":"Mapping_RESTV2","description":"","autoExpireObject":false,"bundleVersion":"0","assetFrsGuid":"dZIIpdiNR2YlEzPW41jiym","templateId":"@3","hasParameters":false,"valid":true,"fixedConnection":true,"hasParametersDeployed":false,"fixedConnectionDeployed":false,"isSchemaValidationEnabled":false,"tasks":0,"mappingPreviewFileRecordId":"@2","documentType":"MAPPING","allowMaxFieldLength":false,"references":[{"@type":"reference","refObjectId":"@9i0Gw8GWSXGclo42yCtlgH","refType":"connection"},{"@type":"reference","refObjectId":"@gjBTwYKwNaLbjfTLCW7rMb","refType":"connection"}]}]